B,JXD-139,50375303,64.82,2023-12-01,5
M,CRU-009,50375303,49.38,2023-11-26,1
A,YYK-309,22777006,69.37,2023-11-11,7
A,OTS-581,42157219,67.26,2023-11-07,7
M,AWB-345,13245501,67.6,2023-12-18,1
A,IHG-413,33397650,55.69,2023-12-24,10
A,KQQ-136,97403853,13.8,2023-12-17,5
B,OQI-373,78757121,25.17,2023-11-03,5
B,PVZ-181,26290971,89.72,2023-12-25,3
A,ICX-503,27912250,20.29,2023-12-27,10
A,DFF-034,98140264,59.57,2023-12-08,5
M,VCL-867,25171011,89.65,2023-11-05,0
A,TZY-323,57263719,40.29,2023-12-12,10
M,PJG-338,63437380,35.11,2023-11-09,1
A,SSD-176,35584593,81.61,2023-12-21,5
B,BWD-036,60574154,81.06,2023-11-05,5
M,FLJ-040,73535476,13.6,2023-11-18,0
B,JDC-028,31193794,62.23,2023-11-18,4
M,OTH-462,73185299,89.55,2023-12-01,1
B,QIL-029,86828079,14.43,2023-11-19,3
B,UWA-476,77484838,15.86,2023-11-28,5
B,XOA-735,13245501,81.75,2023-12-08,5
A,OBI-353,79901434,19.97,2023-12-29,10
M,AWB-345,16552775,26.73,2023-12-27,0
A,CSZ-863,57690875,23.8,2023-11-01,7
A,UWA-476,73535476,18.24,2023-11-07,7
B,MLE-193,87813843,25.13,2023-11-28,4
B,UOD-420,95751208,60.44,2023-12-08,5
B,KWP-672,87800799,51.7,2023-12-16,3
M,BXY-119,20864087,83.53,2023-11-30,1
B,KCO-488,46462527,62.23,2023-12-10,4
B,PQH-935,71984468,20.77,2023-12-28,4
A,GBJ-693,15561764,20.15,2023-12-29,10
B,XLF-273,43488351,83.48,2023-12-12,3
B,RSE-049,15210391,89.89,2023-11-30,5
A,CJE-310,79464412,36.3,2023-12-28,10
B,SJQ-827,76388967,81.96,2023-11-21,3
B,TKM-141,89148118,43.58,2023-11-08,5
A,EBI-299,76388967,72.17,2023-12-07,10
B,DFF-034,79140840,87.73,2023-11-02,5
M,SSD-176,37110873,68.32,2023-12-09,1
B,ZEX-027,43043986,83.86,2023-12-01,3
M,OBI-353,73914283,14.6,2023-11-15,1
M,SJD-818,41036366,67.67,2023-12-04,0
M,GLC-370,28390487,60.6,2023-11-24,1
B,YUQ-590,45783712,26.62,2023-11-23,4
B,QHC-492,29337157,90.37,2023-12-06,4
A,CIM-038,35565959,75.01,2023-12-05,10
B,CRU-009,96258632,81.64,2023-12-04,4
B,AHB-459,12663268,21.28,2023-11-14,3
A,MQR-442,86828079,99.66,2023-11-25,7
A,CNN-411,16552775,31.19,2023-12-25,5
A,AFL-718,50365593,23.65,2023-12-11,5
A,CIM-038,11602775,89.71,2023-12-30,7
M,XZR-640,78078115,89.72,2023-11-11,0
A,LDR-510,62324793,51.85,2023-12-21,10
B,QUU-384,37110873,28.27,2023-11-16,5
A,OWN-701,36380447,91.67,2023-11-07,5
B,BTO-226,77484838,48.31,2023-12-28,3
M,BRD-969,98140264,46.86,2023-12-28,0
A,ZEX-027,29337157,28.77,2023-12-19,10
M,DFJ-952,84165595,34.62,2023-12-07,1
B,RDT-761,84165595,28.77,2023-12-22,3
B,TMN-884,88956889,93.51,2023-12-17,3
B,FEG-454,59162728,93.3,2023-12-05,3
M,JDC-028,50365593,24.16,2023-11-01,0
M,JCW-489,69324480,90.42,2023-12-09,0
B,KWP-672,46462527,82.76,2023-11-04,3
B,VDD-853,49087435,42.82,2023-11-07,4
M,ZEX-027,79901434,11.55,2023-11-13,1
M,ZVA-180,33713901,54.2,2023-12-02,1
A,KQA-580,50375303,35.79,2023-11-01,5
A,QUU-384,77642521,67.54,2023-12-23,7
M,TKM-141,78922174,42.41,2023-11-14,1
M,NMV-644,94080926,29.67,2023-12-03,0
A,CIM-038,93845419,78.91,2023-12-14,7
A,TYF-885,62566305,50.44,2023-12-29,5
M,OQI-373,86402303,56.46,2023-12-21,0
M,AHB-459,79901434,96.3,2023-11-14,1
M,IDO-503,32565207,77.9,2023-12-03,0
B,BCK-361,49087435,47.48,2023-11-18,5
B,TYF-885,83505958,11.6,2023-11-18,3
A,OPT-996,25171011,58.82,2023-11-09,7
A,VVS-017,45877001,39.17,2023-11-11,10
B,QUU-384,67418025,49.63,2023-12-16,3
A,YOT-530,43053402,86.72,2023-12-21,7
B,ISU-815,52097922,13.61,2023-11-29,5
A,III-576,63437380,73.89,2023-12-02,5
B,LWG-915,50365593,53.32,2023-12-19,3
A,BWD-036,57263719,17.04,2023-12-18,10
A,AFL-718,78922174,10.98,2023-11-22,10
A,AWB-345,63437380,13.01,2023-11-04,7
A,YYU-726,12663268,72.1,2023-12-20,7
B,JJN-837,11602775,12.24,2023-11-30,5
A,ZWF-661,17972674,25.67,2023-12-15,7
M,EJW-346,83505958,55.69,2023-11-12,0
M,BWD-036,79475585,64.46,2023-11-13,0
M,UWA-476,17972674,62.79,2023-12-04,0
B,XLF-273,89148118,36.61,2023-12-01,5
M,UXG-019,32565207,91,2023-12-03,1
M,NSM-283,79464412,29.41,2023-11-26,1
M,VJI-529,95161027,91.93,2023-11-05,1
B,TYF-885,79140840,24.99,2023-12-19,3
A,YZD-580,37110873,52.8,2023-12-30,5
A,XLF-273,11602775,14.47,2023-12-12,7
M,TZY-323,15210391,21.48,2023-12-26,1
M,LWG-915,27912250,48.97,2023-11-22,0
M,TMN-884,91897732,20.84,2023-11-06,0
M,QHC-492,98140264,17.78,2023-12-26,1
B,UJV-290,83236386,67.6,2023-11-10,3
B,OWN-701,52097922,72.2,2023-11-10,3
B,WZD-331,40348917,86.86,2023-12-17,5
A,BIT-434,71378466,29.75,2023-12-02,10
M,AWT-354,71463316,88.53,2023-12-19,1
A,III-576,95161027,72.98,2023-12-05,5
B,KCO-488,71463316,52.94,2023-12-04,3
A,KCO-488,24995742,27.44,2023-12-18,5
A,JFC-432,20864087,40.15,2023-12-16,7
M,YOT-530,31611146,80.54,2023-12-02,1
A,JFC-432,85949265,71.13,2023-12-11,10
M,DFJ-952,77642521,49.06,2023-11-04,0
M,QHC-492,53166028,36.97,2023-12-22,0
M,PFD-286,90237332,55.07,2023-12-16,0
A,MQR-442,83505958,57.06,2023-12-05,7
A,JYQ-045,15561764,94.58,2023-11-23,7
B,AFL-718,50375303,45.08,2023-12-20,4
A,AFL-718,77484838,48.54,2023-12-26,10
B,BCK-361,97403853,87.91,2023-11-08,4
A,XSD-310,12663268,53.05,2023-11-16,10
M,TXM-139,19829266,91.27,2023-11-30,1
M,KQA-580,63437380,54.01,2023-12-18,0
B,RAH-420,12663268,94.35,2023-11-06,3
M,PFD-286,89298238,66.57,2023-11-30,1
A,NSM-283,42928709,77.3,2023-11-03,5
B,PJG-338,45877001,62.19,2023-12-03,4
M,OQI-373,42928709,99.23,2023-11-01,1
A,ONB-903,32821689,85.99,2023-11-03,5
B,FVQ-662,71378466,51.07,2023-11-24,3
A,YYK-309,11602775,45.35,2023-11-24,5
A,UDR-957,77484838,71.08,2023-12-19,7
M,FYF-898,15561764,63.64,2023-11-19,0
M,CIM-038,57690875,87.28,2023-11-03,1
A,SPR-580,54716824,30.34,2023-12-22,10
M,VVS-017,95161027,58.54,2023-12-28,0
B,KWP-672,90365520,83.81,2023-12-08,4
A,QHC-492,73185299,68.42,2023-12-02,7
B,QFR-958,45783712,34.39,2023-11-02,3
M,SJQ-827,49087435,83.49,2023-12-20,0
B,DEV-433,54761731,42.7,2023-12-03,4
A,MMA-577,43053402,33.29,2023-11-17,5
M,ZXK-295,78757121,39.68,2023-12-21,1
B,VXS-438,13245501,63.96,2023-12-19,5
A,LWG-915,46462527,85.7,2023-11-14,10
M,YUQ-590,88956889,24.39,2023-12-29,0
B,AQS-362,55552996,25.3,2023-11-15,4
M,RSE-049,76388967,25.1,2023-12-04,1
A,III-576,60574154,41.39,2023-11-28,7
A,UXG-019,55552996,97.07,2023-12-24,7
M,VRR-793,87800799,77.98,2023-12-19,0
M,EJW-346,78922174,35.76,2023-12-10,1
M,BCK-361,80048864,78.35,2023-11-19,1
M,AWB-345,25171011,53.65,2023-12-27,1
M,FCN-617,22777006,46.4,2023-11-12,1
M,AQS-362,42798099,20.68,2023-12-24,1
M,QFP-254,90237332,93.12,2023-12-09,0
A,DIQ-718,62566305,22.49,2023-11-21,7
A,BIT-434,59407188,57.09,2023-11-18,5
M,TMN-884,42798099,43.48,2023-12-09,1
B,OXP-732,79901434,95.01,2023-11-05,5
A,SNY-500,40348917,17.89,2023-12-26,7
M,QUU-384,73185299,94.2,2023-12-28,0
B,MTF-868,83236386,33.53,2023-12-13,3
A,VXS-438,89429489,86.19,2023-12-01,7
A,VTV-269,26976877,69.59,2023-11-24,7
B,IHG-413,17913944,99.18,2023-11-09,5
B,SNY-500,43877279,90.63,2023-11-12,5
B,GXF-122,37110873,43.62,2023-12-06,3
B,BCN-855,38913831,71.56,2023-12-11,5
B,JXD-139,44229880,61.07,2023-11-25,5
B,FVQ-662,32565207,75.09,2023-12-01,4
M,DUG-251,32904023,42.68,2023-12-21,0
M,QJO-060,45828535,68.61,2023-12-20,0
M,YMU-875,24995742,82.85,2023-11-07,1
A,VRR-793,81114108,77.11,2023-12-13,10
B,TYF-885,26290971,21.03,2023-11-04,4
M,ADX-669,96659352,75.98,2023-12-17,1
M,CJE-310,98140264,94.33,2023-11-09,0
M,AFL-718,26976877,38.55,2023-12-30,0
B,EBI-299,71463316,55.32,2023-11-19,5
A,AFL-718,89148118,11.25,2023-11-12,10
A,OPT-996,83236386,77.62,2023-12-11,7
A,PVZ-181,90237332,52.49,2023-11-05,7
A,WZD-331,16151792,92.59,2023-11-26,10
B,RDT-761,80048864,50.3,2023-12-29,5
A,TXM-139,94080926,56.58,2023-11-15,7
B,KSO-608,40112594,90.47,2023-11-16,5
M,CIM-038,73535476,42.85,2023-11-06,0
B,FLJ-040,40348917,59,2023-11-08,4
B,HFM-021,88956889,78.24,2023-12-24,3
M,AQS-362,41036366,85.21,2023-12-02,0
A,TYF-885,43877279,69.21,2023-12-22,7
B,OQI-373,42798099,90.13,2023-12-16,4
B,QVJ-982,77191257,19.87,2023-11-13,4
A,VRR-793,98589725,57.11,2023-11-21,10
M,CIM-038,25171011,47.3,2023-12-02,0
A,JDQ-505,20864087,30.59,2023-11-17,5
B,III-576,42157219,82.58,2023-11-23,5
M,JXD-139,79464412,85.78,2023-12-03,0
M,QRC-609,25171011,16.14,2023-12-16,0
B,QTK-083,89298238,97.55,2023-11-29,3
B,BCN-855,81114108,58.9,2023-12-10,3
B,QFP-254,89298238,44.54,2023-11-01,5
M,DFF-034,66409237,18.56,2023-11-16,1
A,GBD-525,52097922,73.4,2023-12-18,5
B,JFC-432,89148118,49.36,2023-11-24,4
B,FLJ-040,38637282,34.15,2023-12-01,5
B,TMN-884,23928045,90.46,2023-11-09,4
M,AWB-345,44679500,48.26,2023-11-24,0
B,CNQ-172,16151792,60.48,2023-11-18,3
M,UWA-476,37110873,54.1,2023-12-21,0
M,JDQ-505,48467976,34.61,2023-11-07,0
M,XSD-310,22280452,16.08,2023-12-23,0
M,BCK-361,29847168,14.51,2023-11-04,0
M,XSD-310,45828535,94.31,2023-12-21,1
A,AVM-258,35584593,36.67,2023-12-26,7
M,QHC-492,96258632,14.53,2023-12-15,0
M,SJD-818,55552996,19.63,2023-11-03,0
A,FQG-293,55552996,67.31,2023-11-01,10
B,MYC-756,85871751,37.98,2023-12-15,4
B,QFP-254,43043986,52,2023-11-29,5
A,AVM-258,45828535,37.55,2023-12-14,5
M,UWA-476,71463316,31.23,2023-11-25,1
B,ARS-231,71378466,42.35,2023-11-09,5
M,KQQ-136,79475585,84.75,2023-12-11,0
A,AWT-354,66409237,54.64,2023-12-27,10
B,WZD-331,69975105,26.91,2023-12-26,3
B,XLF-273,42928709,81.67,2023-11-10,5
B,UWA-476,88956889,25.85,2023-11-27,3
M,MMA-577,32821689,31.58,2023-11-20,1
A,TMJ-043,85949265,68.18,2023-11-03,7
M,DFF-034,78078115,88.21,2023-11-08,1
B,KJX-387,32904023,73.23,2023-11-11,3
M,KBY-991,90365520,26.13,2023-12-22,1
A,XZR-640,91897732,63.03,2023-12-02,7
M,KQA-580,96659352,30.08,2023-11-26,1
M,JXD-139,26976877,18.05,2023-11-29,0
M,KCO-488,42157219,93.36,2023-12-26,1
B,UOD-420,69324480,34.71,2023-12-11,3
M,BRD-969,66409237,79.5,2023-11-07,1
B,QFP-254,71463316,16.09,2023-11-28,4
B,VRR-793,22280452,17.79,2023-12-16,3
B,HLR-109,79140840,76.17,2023-11-01,5
M,LDR-510,73535476,23.26,2023-11-15,0
M,YYU-726,93160528,84.29,2023-11-20,1
B,OWN-701,59407188,82.2,2023-11-30,5
A,ZAF-449,26233063,68.12,2023-12-09,7
M,ISU-815,46462527,98.22,2023-12-10,0
M,WZD-331,87800799,41.79,2023-11-21,1
B,OQI-373,90237332,78.75,2023-12-29,4
A,BCN-855,71463316,61.03,2023-12-08,10
A,QFP-254,42928709,65.07,2023-12-26,7
M,UJV-290,89298238,89.78,2023-12-26,1
M,UXG-019,66409237,98.9,2023-11-29,1
A,SSE-115,89863424,33.85,2023-12-08,10
A,VXS-438,69324480,47.97,2023-11-09,10
B,MTF-868,79464412,27.25,2023-12-27,5
A,OXP-732,23928045,80.06,2023-12-22,10
M,OPJ-039,90365520,57.88,2023-12-26,0
M,RDT-761,59407188,88.3,2023-12-23,1
M,DIQ-718,43488351,60.6,2023-11-25,1
A,YUQ-590,77484838,28.58,2023-11-20,7
A,OTH-462,79140840,72.5,2023-11-11,5
A,CSZ-863,95015539,55.93,2023-12-06,10
A,GXF-122,78757121,13.06,2023-12-03,10
M,EUZ-452,90365520,20.45,2023-11-03,1
B,OPT-996,69639726,80.38,2023-12-08,5
B,MYC-756,88956889,72.72,2023-11-18,3
A,GBD-525,87800799,56.75,2023-11-10,5
A,DON-719,24995742,23.73,2023-12-26,10
M,VRR-793,43053402,24.01,2023-11-03,0
A,EBI-299,96258632,48.81,2023-11-28,5
B,UWA-476,88956889,33.68,2023-12-11,3
M,BRD-969,93160528,58.82,2023-11-12,1
A,HFC-845,13245501,31.78,2023-11-23,7
A,UWA-476,26233063,83.86,2023-11-11,7
A,QFP-254,32904023,34.22,2023-12-07,7
M,FQG-293,78078115,46.15,2023-12-14,0
A,AQS-362,16151792,91.74,2023-12-26,5
B,QTK-083,43488351,92.28,2023-11-16,5
B,YOT-530,89298238,21.28,2023-11-26,5
B,QTK-083,93160528,23.51,2023-11-05,3
A,JJN-837,11602775,93.21,2023-12-10,5
B,GLC-370,79372768,33.48,2023-12-07,4
M,SSD-176,43043986,95.69,2023-12-02,1
B,GXF-122,62566305,29.21,2023-12-23,4
B,MTF-868,32821689,91.77,2023-11-06,4
B,QRC-609,35565959,45.69,2023-11-20,3
M,PJG-338,49087435,13.95,2023-12-24,1
M,OTH-462,57263719,60.92,2023-11-20,0
M,YJD-279,62324793,21.01,2023-12-04,1
A,LYZ-614,59407188,64.68,2023-11-02,5
A,CNQ-172,76388967,22.25,2023-12-21,5
B,ZWF-661,13245501,84.08,2023-11-09,5
A,TMN-884,79140840,55.39,2023-11-26,10
M,YJD-279,50375303,76.54,2023-11-13,0
M,QIL-029,42928709,22,2023-11-22,0
B,QTK-083,55552996,58.52,2023-12-03,5
M,YGV-332,86828079,41.94,2023-11-17,1
M,ARS-231,78757121,57.47,2023-12-22,1
M,FCN-617,37110873,60.66,2023-11-07,1
M,TMN-884,50365593,16.35,2023-12-16,0
M,ICX-503,87800799,25.06,2023-12-16,1
B,RBE-789,81114108,91.66,2023-11-16,3
B,UDR-957,54716824,98.13,2023-11-16,3
A,KJX-387,78757121,89.69,2023-11-01,10
B,KSO-608,26233063,28.05,2023-11-22,5
M,CIM-038,86241107,12.9,2023-12-04,1
A,YOT-530,89298238,13.65,2023-12-05,7
M,BWD-036,24995742,51.71,2023-11-04,0
M,OTW-288,15210391,56.66,2023-12-22,0
B,QUU-384,89429489,34.41,2023-12-25,4
B,BMJ-772,40348917,10.1,2023-11-13,3
B,GBJ-693,96659352,10.63,2023-12-14,4
B,TZY-323,16151792,45.23,2023-11-18,4
A,WLL-607,91897732,36.34,2023-12-18,7
B,SSD-176,43877279,92.66,2023-11-17,4
M,VDD-853,37110873,12.09,2023-11-03,1
A,VXS-438,15210391,23.43,2023-11-25,5
M,QFR-958,27912250,49.96,2023-12-08,0
A,AQS-362,73786035,96.75,2023-12-24,10
M,ZEX-027,54716824,51.64,2023-12-09,0
M,JJN-837,71984468,82.01,2023-11-17,1
A,XOA-735,78078115,13.26,2023-11-04,5
B,DFJ-952,35565959,85.53,2023-12-12,3
A,XBD-314,78922174,55.94,2023-11-11,5
B,ZVA-180,50365593,99.5,2023-12-18,5
M,BZS-261,35565959,82.84,2023-12-30,1
A,KBY-991,58187172,50.98,2023-11-30,10
A,UTN-601,52097922,37.98,2023-12-08,10
A,XSD-310,87813843,27.79,2023-11-16,10
B,TKM-141,23928045,82.96,2023-11-02,5
M,HFM-021,15210391,73.68,2023-11-05,1
B,MTF-868,88995291,89.06,2023-12-18,3
B,OQI-373,86402303,33.23,2023-12-28,4
A,FQG-293,62324793,23.97,2023-11-01,7
M,BTO-226,87800799,45.48,2023-11-29,1
A,DEN-125,17913944,27.85,2023-12-11,10
A,UTN-601,17972674,92.1,2023-12-21,10
B,SSE-115,79420973,68.58,2023-12-09,5
M,OQI-373,71378466,16.16,2023-12-17,0
B,HLR-109,88995291,14.65,2023-11-05,5
B,OFS-384,83236386,23.29,2023-12-23,3
A,XZR-640,49087435,16.34,2023-11-08,10
A,TKM-141,32565207,89.94,2023-11-27,7
A,DFF-034,81114108,47.34,2023-12-27,10
A,DEN-125,73786035,78.87,2023-12-23,5
A,SNY-500,44229880,93.97,2023-11-11,10
B,CSZ-863,79901434,40.11,2023-11-10,4
M,BWD-036,95751208,43.9,2023-12-09,0
M,EVN-510,67418025,92.91,2023-12-17,0
A,KCO-488,35584593,11.29,2023-12-14,5
M,VCL-867,25171011,10.43,2023-11-24,1
B,YUQ-590,20864087,45.19,2023-12-18,5
M,OFS-384,81114108,92.5,2023-11-19,1
A,TMJ-043,78078115,50.59,2023-11-25,5
M,OFS-384,64394265,60.06,2023-12-10,1
A,BRD-969,95751208,41.05,2023-12-14,5
A,IDO-503,16151792,99.96,2023-11-18,7
B,GKG-558,26290971,30.01,2023-11-07,5
M,YUQ-590,85949265,34.71,2023-11-23,0
A,TZY-323,45828535,42.05,2023-12-21,10
B,YZD-580,38913831,54.64,2023-12-19,4
A,CNN-411,42798099,10.18,2023-12-14,10
A,SSE-115,26976877,70.62,2023-12-20,10
B,VJI-529,33397650,48.94,2023-11-06,3
B,TXM-139,43043986,23.37,2023-11-05,5
A,EUZ-452,87800799,86.83,2023-11-20,10
M,PPX-620,80048864,99.18,2023-11-11,1
B,UCX-285,22280452,22.16,2023-11-03,3
B,TZY-323,71984468,23.45,2023-12-17,3
A,QRC-609,87800799,11.18,2023-12-26,5
B,JFC-432,38913831,49.91,2023-11-03,4
M,XLF-273,57690875,24.07,2023-12-25,1
M,CIM-038,94080926,98.72,2023-12-13,0
B,LWG-915,23928045,14.08,2023-12-28,3
B,ICX-503,66409237,66.17,2023-12-30,3
M,BXY-119,13245501,37.11,2023-11-09,1
A,HFC-845,86241107,89.32,2023-11-24,7
B,YOT-530,57263719,99.83,2023-11-26,4
A,KQQ-136,26976877,53.42,2023-11-14,7
M,RDT-761,19829266,72.41,2023-12-14,1
M,FQG-293,69975105,38.27,2023-11-04,1
A,PFD-286,76388967,80.09,2023-12-22,7
M,DIQ-718,69324480,92.4,2023-11-25,1
A,QIL-029,13245501,24.52,2023-11-15,10
A,JXD-139,89298238,83.68,2023-11-10,5
M,QFP-254,73185299,88.88,2023-11-09,1
B,XBD-314,78922174,20.42,2023-12-14,3
A,TMJ-043,11602775,69.62,2023-12-20,7
B,BMJ-772,12663268,13.35,2023-12-30,3
A,KDA-627,60574154,75.06,2023-11-14,10
M,FLW-631,38913831,52.17,2023-12-01,1
B,OTH-462,57263719,36.53,2023-12-17,5
M,RBE-789,86402303,80.08,2023-12-05,0
B,KQA-580,48184351,49.68,2023-11-20,3
A,ZVA-180,54761731,97.93,2023-11-10,7
B,VRR-793,85949265,92.16,2023-12-17,4
M,DFJ-952,78078115,69.46,2023-11-03,1
M,DON-719,15210391,51.48,2023-12-14,1
B,UXG-019,86241107,91.18,2023-12-19,3
M,YUQ-590,64394265,65.62,2023-11-30,1
B,DOV-560,76388967,79.03,2023-11-08,3
B,ZWF-661,77191257,55.83,2023-12-01,5
A,HFM-021,29337157,59.07,2023-12-30,5
M,AWB-345,93845419,47.94,2023-11-28,1
B,HFM-021,86402303,66.93,2023-12-24,3
A,BCK-361,40112594,78.58,2023-12-22,7
A,FVB-607,54761731,89.56,2023-12-16,7
A,LDR-510,87813843,27.93,2023-12-22,5
M,HFC-845,36008913,80.77,2023-12-30,1
M,QVJ-982,79372768,58.98,2023-12-30,0
A,YEZ-591,63437380,15.91,2023-12-02,10
M,UXG-019,19829266,67.82,2023-12-01,1
A,YYK-309,64394265,12.42,2023-11-20,7
B,KWP-672,42157219,82.82,2023-12-03,4
A,KWP-672,77191257,64.99,2023-12-03,5
M,HFM-021,84165595,36.46,2023-12-11,0
A,OXP-732,91897732,62.52,2023-12-11,5
B,FVB-607,89863424,80.02,2023-11-18,5
M,GXF-122,79420973,58.79,2023-11-08,1
B,VZV-827,54761731,91.85,2023-11-24,5
B,WZD-331,29337157,39.23,2023-11-01,3
B,BXY-119,31193794,58.69,2023-11-16,5
A,PFD-286,91897732,59.42,2023-11-01,5
M,QUU-384,43877279,39.33,2023-11-19,0
A,UXG-019,89429489,29.4,2023-12-08,10
M,EBI-299,89148118,21.27,2023-11-17,0
B,ISU-815,32821689,76.93,2023-11-25,5
M,VCL-867,89429489,76.4,2023-11-11,1
M,TZY-323,26290971,36.7,2023-11-10,0
B,JFC-432,26233063,56.84,2023-11-23,3
A,SSD-176,55552996,55.38,2023-11-27,7
B,XSD-310,52097922,80.5,2023-12-18,3
A,HLR-109,36380447,60.53,2023-11-26,10
A,XLF-273,22777006,47.88,2023-12-20,10
A,LDR-510,85949265,47.57,2023-11-02,10
B,YJD-279,17913944,21.04,2023-11-18,5
B,UWA-476,33713901,31.55,2023-12-15,5
M,SSD-176,78078115,98.88,2023-12-23,1
M,DUG-251,93160528,40.37,2023-12-20,0
M,SJQ-827,50375303,33.16,2023-11-08,1
M,FVQ-662,31611146,24.45,2023-11-04,1
B,VXS-438,50375303,79.03,2023-11-20,3
B,KJX-387,73535476,23.31,2023-11-11,3
B,FEG-454,86241107,26.45,2023-11-03,3
A,VJI-529,69324480,16.49,2023-11-19,7
B,VJI-529,35565959,10.85,2023-12-21,3
B,RDT-761,42798099,90.23,2023-11-04,5
B,BRD-969,73914283,18.15,2023-12-16,5
M,OQI-373,87813843,10.44,2023-12-29,0
B,TZY-323,77191257,12.24,2023-11-06,4
M,AFL-718,49087435,59.95,2023-12-27,0
B,VVS-017,33713901,77.23,2023-11-07,5
M,DFJ-952,25171011,14.12,2023-12-01,1
M,JXD-139,35565959,89.66,2023-12-04,0
A,AVM-258,62566305,95.09,2023-12-08,10
A,QIL-029,93845419,42.56,2023-12-23,10
B,JCW-489,13245501,24.91,2023-11-28,4
B,RBE-789,32904023,76.21,2023-11-01,4
A,PJG-338,78078115,79.48,2023-11-27,5
M,DUG-251,99842319,75.64,2023-11-10,0
B,KQQ-136,96659352,16.14,2023-11-14,4
A,SNY-500,45783712,29.51,2023-11-28,5
M,CNQ-172,62566305,33.75,2023-12-14,1
A,KJX-387,13245501,26.03,2023-12-22,7
M,DUG-251,81114108,44.39,2023-11-19,0
A,SAM-013,79372768,10.67,2023-11-22,10
A,ZEX-027,77191257,45.48,2023-12-23,7
A,OTW-288,64394265,45.45,2023-11-16,7
B,TXM-139,48184351,91.09,2023-11-26,4
B,XBD-314,62324793,37.7,2023-11-25,5
B,YUQ-590,26976877,15.03,2023-11-22,3
B,FQG-293,95161027,54.79,2023-12-08,4
M,OFS-384,38637282,99.19,2023-12-08,1
B,DON-719,69639726,23.58,2023-11-12,4
M,TZY-323,50365593,40.69,2023-12-22,1
M,YYU-726,77642521,86.8,2023-11-07,0
M,SAM-013,32904023,75.74,2023-11-28,0
A,FLJ-040,27912250,81.66,2023-11-08,10
A,JFC-432,84165595,47.11,2023-11-19,10
B,TKM-141,90237332,95.93,2023-12-26,3
B,ONB-903,53166028,84.48,2023-11-02,4
M,HFM-021,69975105,19.11,2023-12-18,0
M,AVM-258,77191257,38.97,2023-12-04,1
B,MMA-577,52097922,46.18,2023-12-07,5
A,FVQ-662,43053402,87.99,2023-12-16,10
M,ICX-503,89298238,71.68,2023-11-18,0
A,GBJ-693,45877001,58.21,2023-11-14,5
M,FEG-454,67418025,47.02,2023-11-14,0
M,QFP-254,12663268,97.73,2023-12-06,1
M,QVJ-982,41036366,91.92,2023-12-03,0
M,OTH-462,89863424,86.24,2023-12-15,1
A,EBI-299,40112594,57.53,2023-12-27,10
M,QHC-492,84165595,61.79,2023-12-30,1
B,YMU-875,45828535,26.29,2023-11-16,3
A,KQQ-136,32904023,84.75,2023-11-29,10
B,TMJ-043,69975105,28.54,2023-12-30,5
B,QRC-609,89863424,54.18,2023-11-29,5
A,ZAF-449,99842319,85.9,2023-12-30,10
B,BXY-119,89429489,97.84,2023-11-06,3
M,CRU-009,66409237,73.53,2023-12-22,1
M,OQI-373,78922174,36.75,2023-12-26,0
A,VZV-827,45783712,99.6,2023-11-03,10
A,YMU-875,45783712,25.28,2023-11-10,5
M,FVQ-662,40112594,39.21,2023-11-30,1
M,HLR-109,44229880,54.48,2023-12-29,0
B,YYU-726,67418025,88.13,2023-11-24,4
B,VVS-017,50365593,31.97,2023-11-18,3
B,CRU-009,54716824,38.15,2023-11-22,4
M,NSR-955,93845419,77.86,2023-12-27,1
M,YGV-332,77484838,12.6,2023-11-24,0
M,VXS-438,58187172,91.35,2023-12-18,1
A,XLF-273,17913944,96.8,2023-12-10,7
B,ZWF-661,57263719,31.02,2023-12-11,4
B,AQS-362,16151792,61.14,2023-12-21,3
M,OQI-373,95161027,51.22,2023-12-11,0
B,VDD-853,90365520,34.35,2023-11-17,3
M,JXD-139,79140840,73.27,2023-12-09,1
A,YJD-279,97403853,62.82,2023-12-10,10
A,JDC-028,87800799,48.65,2023-12-19,10
B,EUZ-452,79372768,29.29,2023-11-13,4
M,OBI-353,73914283,12.11,2023-12-27,1
B,VCL-867,81114108,79.13,2023-12-23,4
M,TXM-139,53166028,37.34,2023-11-22,0
A,RDT-761,45877001,33.25,2023-11-15,5
M,XTE-383,57690875,40.27,2023-12-11,1
M,SSD-176,45783712,59.17,2023-12-07,1
B,GBJ-693,97403853,44.45,2023-11-11,5
B,XSD-310,31611146,84.14,2023-11-07,4
A,XSD-310,71378466,25.6,2023-11-15,5
B,RAH-420,15561764,46.41,2023-12-14,4
B,AVM-258,73185299,96.03,2023-12-03,3
M,TZY-323,95161027,63.39,2023-12-26,0
M,DOV-560,57263719,62.54,2023-12-09,1
M,III-576,49087435,21.61,2023-12-15,0
B,DFJ-952,40348917,79.84,2023-11-13,4
A,QRC-609,79140840,35.54,2023-12-07,5
A,VRR-793,40348917,36.03,2023-11-09,7
B,LWG-915,27912250,48.61,2023-12-03,5
A,GLC-370,42928709,21.81,2023-12-23,5
M,SPR-580,20864087,21.66,2023-11-10,0
A,BWD-036,77191257,83.88,2023-12-12,10
M,XZG-521,52097922,27.2,2023-12-28,1
M,OTS-581,54761731,67.73,2023-12-12,0
M,AQS-362,15210391,72.28,2023-12-11,1
M,OTW-288,94080926,61.9,2023-12-05,0
A,TXM-139,79901434,79.85,2023-11-14,7
B,BWD-036,80048864,35,2023-12-23,3
B,XZG-521,26976877,79.34,2023-12-01,4
A,SPR-580,94080926,76.3,2023-12-09,5
A,OPJ-039,62324793,27.36,2023-11-05,7
M,ZWF-661,32565207,10,2023-12-04,0
M,KBY-991,45877001,21.22,2023-12-04,0
